Altitude_ft,DeltaISA_C,RPM,POH_KTAS,POH_PercentMCP,POH_FuelFlow_GPH,Density_kgpm3,AdvanceRatio,LiftCoefficient,EnginePower_kW,CurrentPolarPowerRequired_kW,CurrentPolarEtaImplied,ExternalPolarPowerRequired_kW,ExternalPolarEtaImplied,HaberkornPowerRequired_kW,HaberkornEtaImplied,CurrentProxyEta,CurrentProxyPowerMargin_kW
2000,-20,2100,92,47,6.9,1.24232738496582,0.700503937007874,0.503215085073029,63.0862091358601,43.195818130718,0.684710949071185,48.3187560227456,0.765916302225231,40.1316896611162,0.636140453053536,0.847490310046462,10.269132809488
2000,-20,2200,99,53,7.7,1.24232738496582,0.71953937007874,0.434569174579953,71.1397677489486,49.2661938879291,0.692526774360425,55.3787002221275,0.778449269297002,47.9059469048295,0.673406006523511,0.849240995679721,11.1486133076121
2000,-20,2300,105,61,8.6,1.24232738496582,0.729967476891476,0.386323127442913,81.8778458997333,55.4314130476511,0.677001360240129,62.5250674150958,0.763638402159032,55.7060880810783,0.680356053202662,0.849806255935845,14.1488926204933
2000,-20,2400,111,69,9.6,1.24232738496582,0.73952657480315,0.345687239676822,92.615924050518,62.5182109394456,0.675026585118825,70.722215713822,0.763607516081642,64.607223820215,0.697582240662789,0.849999545586596,16.2052824175773
2000,-20,2500,115,78,10.6,1.24232738496582,0.735529133858268,0.322057654446739,104.696261970151,67.7720196139614,0.647320337313317,76.7911647586037,0.733466155463097,71.178319226888,0.679855401591904,0.849960331326717,21.2156498988567
2000,-20,2550,117,83,11.1,1.24232738496582,0.733647985178323,0.31114124333831,111.407560814391,70.5618179502255,0.633366509727144,80.0117221770054,0.718189336451838,74.6608154228589,0.670159322016271,0.849920740972033,24.1257786870287
4000,-20,2100,91,45,6.6,1.17151840373137,0.692889763779528,0.545423021407954,60.4016895981639,41.7154200809881,0.690633330930137,46.5270142771385,0.770293258130197,37.7291087107966,0.62463664446803,0.846610660608434,9.42129425157898
4000,-20,2200,98,51,7.4,1.17151840373137,0.7122712956335,0.470288217438491,68.4552482112524,47.1581291306894,0.688889900525374,52.8737983104673,0.772384874674606,44.7701727185717,0.654006433230821,0.848665938157187,10.9375083142962
4000,-20,2300,104,58,8.2,1.17151840373137,0.723015405682985,0.417589500765465,77.851066593189,52.738598230567,0.677429360167314,59.3543143610434,0.762408493016539,51.8775759091923,0.666369494720974,0.849466225301086,13.3932534440127
4000,-20,2400,110,65,9.1,1.17151840373137,0.732864173228347,0.373276697543741,87.2468849751256,59.1928438662188,0.678452232226914,66.8300577825818,0.765987895173968,60.0218746212484,0.687954356632456,0.849900401810934,14.9583187308928
4000,-20,2500,115,74,10.1,1.17151840373137,0.735529133858268,0.341523481306561,99.3272228947584,65.2612835831094,0.657033204806869,73.8467471833323,0.743469363495405,67.634865464695,0.680929794406486,0.849960331326717,19.1629156982821
4000,-20,2550,118,79,10.6,1.17151840373137,0.739918480778138,0.324378629724165,106.038521738999,69.2120772525698,0.652706923083359,78.4103743315637,0.739451786441926,72.575755634033,0.684428210086421,0.849999986498934,20.9206647939462
4000,-20,2600,120,83,11.1,1.17151840373137,0.737989097516657,0.313656113908283,111.407560814391,71.9776982645473,0.646075524303639,81.6033060415364,0.732475475138445,76.0289760444969,0.682440002175111,0.849991868267655,22.7178224912194
6000,-20,2200,96,48,7.1,1.10384081019071,0.697735146743021,0.520135447880685,64.4284689047082,44.6010563214093,0.692256964656039,49.8318943079218,0.77344526658898,40.9883958002212,0.636184539180101,0.847179159098796,9.98139978730428
6000,-20,2300,103,54,7.8,1.10384081019071,0.716063334474495,0.451839785810953,72.4820275177967,50.3823659694356,0.695101498879362,56.5632581711712,0.780376323734641,48.4240487516707,0.668083529255318,0.848982560886279,11.1536113708531
6000,-20,2400,109,62,8.6,1.10384081019071,0.726201771653543,0.403465052408753,83.2201056685814,56.2352265948696,0.675740869866505,63.3538420311531,0.761280480506185,55.8534633221132,0.671153477556805,0.849641207181134,14.4720044471254
6000,-20,2500,115,70,9.6,1.10384081019071,0.735529133858268,0.362462630447516,93.9581838193661,62.945021574087,0.669925907626081,71.1209431063573,0.756942505860764,64.3029367667225,0.684378243095295,0.849960331326717,16.9157074758779
6000,-20,2600,120,78,10.6,1.10384081019071,0.737989097516657,0.332886686643639,104.696261970151,69.2128588010673,0.661082425471887,78.3652349301203,0.748500791293413,72.1558093058897,0.689191838830517,0.849991868267655,19.778112511581
6000,-20,2650,122,83,11.1,1.10384081019071,0.736132521170703,0.322061830668395,111.407560814391,71.8966574357206,0.645348097652931,81.4646887843092,0.731231239502965,75.5100510573483,0.677782104781475,0.849970219335815,22.7964514653556
8000,-20,2200,94,46,6.8,1.03919728096675,0.683198997852541,0.576250952151794,61.743949367012,42.5388183718715,0.688955254854474,47.3473858826397,0.766834424555551,37.7524197944181,0.611435131400716,0.845408236596657,9.66002498300745
8000,-20,2300,101,52,7.5,1.03919728096675,0.702159192057515,0.499142575552715,69.7975079801005,47.5516433315341,0.681279958377471,53.2063600680379,0.762295984596001,44.2955074810523,0.634628782071719,0.847670835450445,11.6136685703168
8000,-20,2400,108,58,8.2,1.03919728096675,0.71953937007874,0.436535786455183,77.851066593189,53.634564665119,0.688938084116259,60.2805456561469,0.774305970284815,52.0843329621545,0.669025297165436,0.849240995679721,12.4797526432091
8000,-20,2500,114,65,9.1,1.03919728096675,0.729133228346457,0.391793891444541,87.2468849751256,59.7273538965515,0.684578640413121,67.3443850893175,0.771882974486912,59.7983202890106,0.68539203784822,0.849773751690419,14.4127588720635
8000,-20,2600,120,74,10,1.03919728096675,0.737989097516657,0.353593987028698,99.3272228947584,66.6592150142907,0.671107205774988,75.3647618789097,0.75875233075591,68.5136025835049,0.689776685452065,0.849991868267655,17.7681167438628
8000,-20,2650,122,78,10.5,1.03919728096675,0.736132521170703,0.342095768154612,104.696261970151,69.1612600359948,0.660589582994978,78.2566588010439,0.747463732977927,71.6485619138032,0.684346896112016,0.849970219335815,19.8274447144141
8000,-20,2700,125,83,11.1,1.03919728096675,0.740266841644794,0.325872218445648,111.407560814391,73.0976419136975,0.656128196141738,82.8038254963212,0.743251399555145,76.5720469514695,0.687314634587873,0.84999973657298,21.5987554307732
10000,-20,2300,100,49,7.2,0.977492201081215,0.695207120849024,0.541317495578129,65.7707286735562,45.9325841727296,0.698374263127135,51.2449199618233,0.779144780593358,41.6500456788604,0.633261125714215,0.846886026796382,9.76772691312133
10000,-20,2400,106,55,7.9,0.977492201081215,0.706214566929134,0.481770643981959,73.8242872866448,50.539746116425,0.684595110552025,56.6191050663989,0.766944147344876,47.6174998386577,0.645011304393209,0.848093657992154,12.0701637371692
10000,-20,2500,113,62,8.7,0.977492201081215,0.722737322834646,0.423931001314222,83.2201056685814,56.8875136277913,0.683578964130881,63.9945044902046,0.768978890090076,55.7176524246565,0.66952152940719,0.849449492549193,13.8037629022754
10000,-20,2600,119,69,9.5,0.977492201081215,0.731839188370685,0.382259371215401,92.615924050518,63.187877946182,0.682257166831438,71.2948505150721,0.769790413970106,63.6784951782271,0.687554498117335,0.849870466725923,15.5236606528843
10000,-20,2650,122,73,10,0.977492201081215,0.736132521170703,0.363690873137684,97.9849631259103,66.6439452932287,0.680144617777643,75.2937686886618,0.768421666821567,68.0241916446227,0.694230925588162,0.849970219335815,16.640355306513
10000,-20,2700,124,78,10.5,0.977492201081215,0.734344706911636,0.352053522098159,104.696261970151,69.0635727192719,0.659656528510656,78.0915909481309,0.745887097386486,71.0600063018339,0.678725342859837,0.849936935465739,19.9216473343562
12000,-20,2300,98,47,6.9,0.918631657754861,0.681302978432044,0.599752139104086,63.0862091358601,44.0149792353481,0.6976957379157,48.9151846336674,0.775370485938147,38.5193601109392,0.610582893449587,0.845166648533375,9.30338070868236
12000,-20,2400,105,52,7.5,0.918631657754861,0.699552165354331,0.522450752286226,69.7975079801005,48.7170261134216,0.697976582879018,54.421866533645,0.779710739087717,44.7048561713331,0.640493585875281,0.847384599771051,10.4283072513126
12000,-20,2500,111,58,8.3,0.918631657754861,0.709945511811024,0.467496107779859,77.851066593189,53.5395551440636,0.687717683096556,60.0406008923655,0.771223870394838,50.9228696831349,0.654106255849166,0.848455295950209,12.5135946023
12000,-20,2600,118,65,9.1,0.918631657754861,0.725689279224712,0.413675635159124,87.2468849751256,60.1156799054274,0.689029527215402,67.6758407776993,0.775682029186416,59.2922960736669,0.679592126304238,0.849615185615698,14.0105984671054
12000,-20,2650,121,69,9.5,0.918631657754861,0.730098648046353,0.393417085168748,92.615924050518,63.2551182355297,0.682983179016027,71.3137496556989,0.769994473270065,63.2597883893283,0.683033603970985,0.849811151118439,15.4509267937389
2000,0,2100,90,44,6.6,1.15489729407052,0.685275590551181,0.565635921659487,59.0594298293158,40.8934710156429,0.692412221618575,45.5481761605249,0.771226141060978,36.5269578599,0.618477996917078,0.845671129428053,9.05138371149145
2000,0,2200,97,50,7.3,1.15489729407052,0.705003221188261,0.48694345471802,67.1129884424043,46.0676268657089,0.686418947134856,51.5901633912251,0.768706096816106,43.2565527611947,0.64453325302772,0.847970422201512,10.8422022790018
2000,0,2300,104,57,8.1,1.15489729407052,0.723015405682985,0.423599386597804,76.5088068243409,52.3761873883479,0.68457723446923,58.9209800842113,0.770120232295478,51.3106708110595,0.67065051646754,0.849466225301086,12.615459947015
2000,0,2400,110,64,9,1.15489729407052,0.732864173228347,0.378648840119161,85.9046252062775,58.7178172630696,0.683523350716846,66.2683639069021,0.771417880559701,59.3207258862859,0.690541699516675,0.849900401810934,14.2925582171633
2000,0,2500,115,73,9.9,1.15489729407052,0.735529133858268,0.346438636328306,97.9849631259103,64.6842999263753,0.660145167817803,73.168699894995,0.746733963669237,66.8112291091655,0.681851857445854,0.849960331326717,18.5990317971596
2000,0,2550,118,77,10.5,1.15489729407052,0.739918480778138,0.329047038598237,103.354002201303,68.5701701760935,0.663449587975697,77.6581815569936,0.751380497155192,71.6737572298401,0.693478295017943,0.849999986498934,19.2807302996246
4000,0,2100,89,42,6.4,1.08790576620045,0.677661417322835,0.614036338043919,56.3749102916196,39.8240854452605,0.706415056613943,44.2171906547227,0.784341658833572,34.562942832334,0.613090870629234,0.8446832332271,7.79485605275254
4000,0,2200,96,48,7,1.08790576620045,0.697735146743021,0.527754105213312,64.4284689047082,44.4086230922782,0.68927019138015,49.5907869299556,0.769703017517025,40.6140323437256,0.630374010653506,0.847179159098796,10.1738330164354
4000,0,2300,102,54,7.7,1.08790576620045,0.709111263266005,0.467491525725287,72.4820275177967,49.1987017773823,0.678771047971891,55.1726769861685,0.761191137659909,46.7943132650897,0.645598845225462,0.848376888874904,12.2933752275112
4000,0,2400,109,61,8.5,1.08790576620045,0.726201771653543,0.409374786099308,81.8778458997333,55.8210025221864,0.681759539577339,62.8604909691788,0.767735035996881,55.218401851891,0.67439978720875,0.849641207181134,13.7457893094538
4000,0,2500,115,69,9.5,1.08790576620045,0.735529133858268,0.367771783262449,92.615924050518,62.4131912141636,0.673892657812494,70.4934892361734,0.761137892418179,63.5273164641089,0.685922179316135,0.849960331326717,16.3066702779447
4000,0,2550,117,73,9.9,1.08790576620045,0.733647985178323,0.355305853871421,97.9849631259103,64.8038194287155,0.661364941735425,73.2582179385173,0.747647553271829,66.528294815825,0.678964329764929,0.849920740972033,18.4756330353755
4000,0,2600,120,77,10.4,1.08790576620045,0.737989097516657,0.33776262733652,103.354002201303,68.5748441264593,0.66349481070792,77.61656714514,0.750977857576973,71.2523808472251,0.689401274548099,0.849991868267655,19.2752172975653
6000,0,2200,94,45,6.7,1.02392843616201,0.683198997852541,0.584844019837233,60.4016895981639,42.4122909050774,0.702170604617766,47.179842802374,0.781101375081538,37.4462636855086,0.619953910803297,0.845408236596657,8.65179498556502
6000,0,2300,101,51,7.4,1.02392843616201,0.702159192057515,0.506585801321614,68.4552482112524,47.316913861387,0.691209441171952,52.9161285790365,0.773003238783646,43.8646333353547,0.640778238068596,0.847670835450445,10.7106035808129
6000,0,2400,108,57,8.2,1.02392843616201,0.71953937007874,0.443045418319769,76.5088068243409,53.2803889172407,0.696395501756666,59.8545155795445,0.782321905986149,51.5133797579379,0.673300001609085,0.849240995679721,11.69402636853
6000,0,2500,114,65,9,1.02392843616201,0.729133228346457,0.39763633112356,87.2468849751256,59.2608218632096,0.679231377488206,66.7903735541301,0.765533045370872,59.0939813722413,0.677319097284552,0.849773751690419,14.8792909054054
6000,0,2600,119,73,9.9,1.02392843616201,0.731839188370685,0.364923505351443,97.9849631259103,64.8766261743279,0.662107981721253,73.2906627115236,0.747978673190348,66.1641733501502,0.675248234416637,0.849870466725923,18.3979001696119
6000,0,2650,122,77,10.4,1.02392843616201,0.736132521170703,0.347197108255965,103.354002201303,68.5291630860543,0.663052824530007,77.5137583869116,0.749983133076337,70.7456776443303,0.684498675789437,0.849970219335815,19.3186608342213
8000,0,2200,92,43,6.5,0.962870012922577,0.668662848962062,0.649265084927299,57.7171700604677,40.8931101531377,0.708508579167963,45.3044394116994,0.784938682271427,34.7919014626107,0.602799850134038,0.843154189017121,7.77136356155929
8000,0,2300,99,48,7.1,0.962870012922577,0.688255049640534,0.560695814592864,64.4284689047082,45.0737497857922,0.699593681986418,50.2208811951025,0.779482766684722,40.3828924754594,0.626786468186711,0.846044089096198,9.43557550055433
8000,0,2400,106,54,7.8,0.962870012922577,0.706214566929134,0.489086835068054,72.4820275177967,50.2622644529623,0.693444515478286,56.2791328911065,0.776456382615513,47.1289263804591,0.650215342953637,0.848093657992154,11.2092834032938
8000,0,2500,112,61,8.6,0.962870012922577,0.716341417322835,0.438088303477731,81.8778458997333,55.5318294473272,0.678227777454366,62.4059488039129,0.76218356892699,53.8701696033654,0.657933400804587,0.849004393952602,13.9828214889205
8000,0,2600,119,68,9.4,0.962870012922577,0.731839188370685,0.388064379551208,91.2736642816699,62.6689173249892,0.686604595292606,70.6799605831926,0.774374088511169,62.9041994382002,0.689182360906189,0.849870466725923,14.9018743378588
8000,0,2650,122,72,9.9,0.962870012922577,0.736132521170703,0.369213899410418,96.6427033570622,66.0628039921157,0.683577773564921,74.6079544748313,0.771997801005008,67.1754360957505,0.695090614834726,0.849970219335815,16.0806157774925
8000,0,2700,124,77,10.4,0.962870012922577,0.734344706911636,0.357399823024497,103.354002201303,68.4395304148253,0.662185585049,77.3568196704005,0.748464675027606,70.1597214552651,0.678829266027018,0.849936935465739,19.4048534842691
10000,0,2300,97,46,6.8,0.904636906558545,0.674350907223554,0.621652371401229,61.743949367012,43.3285014707602,0.701744898325364,48.0849718242758,0.778780306689714,37.4401762758782,0.606378060679764,0.844176780348781,8.7943069119021
10000,0,2400,104,51,7.5,0.904636906558545,0.692889763779528,0.540784685883336,68.4552482112524,47.7824859334709,0.698010556999435,53.3107093784588,0.77876730815353,43.3419389116589,0.633142674143931,0.846610660608434,10.1724569767718
10000,0,2500,111,57,8.2,0.904636906558545,0.709945511811024,0.474728281999364,76.5088068243409,53.2192005773829,0.695595746246189,59.6506528101358,0.779657339933292,50.3758028866038,0.658431427407609,0.848455295950209,11.6951017595606
10000,0,2600,117,64,9,0.904636906558545,0.71953937007874,0.427286665389302,85.9046252062775,58.6817853612371,0.68310390995046,65.9970157614464,0.76825916652301,57.3440910985445,0.667532056170988,0.849240995679721,14.2719440824353
10000,0,2650,120,68,9.4,0.904636906558545,0.724064774922003,0.406189386285706,91.2736642816699,61.6976715445372,0.675963565504926,69.4941590836051,0.761382372785502,61.1646982603775,0.670124276720431,0.849527286354959,15.8417967883434
10000,0,2700,123,72,9.8,0.904636906558545,0.728422572178478,0.386616905447429,96.6427033570622,64.9070563342896,0.671618798725858,73.2117865365397,0.757551103118948,65.2155270111476,0.674810665945448,0.849744213882112,17.2145216572994
12000,0,2300,95,44,6.6,0.849137221978272,0.660446764806573,0.690462785114502,59.0594298293158,42.0676835169869,0.712294101696618,46.4914114008751,0.787197091730096,35.0096329448682,0.5927865041374,0.841358727304537,7.6224831995378
12000,0,2400,102,49,7.1,0.849137221978272,0.679564960629921,0.598945274476969,65.7707286735562,45.8220227106698,0.696693249942554,50.9260632159971,0.774296776743366,40.11980582125,0.609994850754642,0.844943690576066,9.75053950664188
12000,0,2500,109,54,7.8,0.849137221978272,0.697153700787402,0.524486712874201,72.4820275177967,50.5142989560972,0.696921715437586,56.4216644438907,0.778422822540903,46.2940270799582,0.638696635087802,0.847112461926268,10.8861298199111
12000,0,2600,116,61,8.5,0.849137221978272,0.713389460932768,0.463096509784363,81.8778458997333,56.1640090322368,0.685948786452133,63.0034861959264,0.769481481878258,53.5758382314716,0.654338638770247,0.848762867660734,13.3308662515044
12000,0,2650,119,64,8.9,0.849137221978272,0.718030901797653,0.440041426146344,85.9046252062775,58.8848630811939,0.685467900474478,66.1647688117779,0.770211949041166,57.0475311708146,0.664079856396903,0.849132764275716,14.0595687842819
2000,20,2100,89,42,6.3,1.07896406772792,0.677661417322835,0.619125041134399,56.3749102916196,39.7771737062086,0.705582918011696,44.150842062672,0.783164741802439,34.4212662246996,0.610577756073458,0.8446832332271,7.84176779180441
2000,20,2200,95,47,6.9,1.07896406772792,0.690467072297781,0.543389412833859,63.0862091358601,43.5917114633396,0.69098638292661,48.6264489203533,0.770793642325746,39.4762069510942,0.625750183626975,0.846316860135144,9.79921097035051
2000,20,2300,102,53,7.7,1.07896406772792,0.709111263266005,0.471365768053208,71.1397677489486,49.0389998339205,0.689333144957383,54.9784200058199,0.772822596214231,46.5225135674446,0.653959311922721,0.848376888874904,11.3143350042157
2000,20,2400,109,60,8.5,1.07896406772792,0.726201771653543,0.412767397594948,80.5355861308852,55.5911578312946,0.690268246647497,62.5863994336105,0.777127260636013,54.8637492112899,0.681236107503163,0.849641207181134,12.8351947899909
2000,20,2500,115,68,9.4,1.07896406772792,0.735529133858268,0.370819618209873,91.2736642816699,62.1172184487656,0.680560147745053,70.1440048280259,0.768502123586953,63.0937026485269,0.691258569983782,0.849960331326717,15.4617754854861
2000,20,2550,117,72,9.9,1.07896406772792,0.733647985178323,0.358250379927356,96.6427033570622,64.4844880281469,0.667246318533728,72.8820795502564,0.754139495466944,66.0666380650488,0.683617446223073,0.849920740972033,17.6541500186278
4000,20,2100,87,40,6.1,1.01543311792173,0.662433070866142,0.688454964594067,53.6903907539235,38.5287389953565,0.717609584402978,42.5852915451958,0.793164120193777,32.0980114032443,0.597835310053108,0.841825649004874,6.66920904639041
4000,20,2200,94,45,6.7,1.01543311792173,0.683198997852541,0.589736942848856,60.4016895981639,42.3451626892652,0.701059241404936,47.0900885916892,0.779615419783235,37.2780718754211,0.617169356079641,0.845408236596657,8.71892320137719
4000,20,2300,101,51,7.3,1.01543311792173,0.702159192057515,0.510824000295314,68.4552482112524,47.1893573472284,0.689346084928396,52.7578726158272,0.770691422416828,43.6269017126871,0.637305434611161,0.847670835450445,10.8381600949714
4000,20,2400,107,57,8.1,1.01543311792173,0.712876968503937,0.45514155183968,76.5088068243409,52.1781213095659,0.681988433427845,58.5654791114636,0.765473695674356,50.0390625718293,0.654030099916676,0.848718801289219,12.7563415064572
4000,20,2500,114,64,8.9,1.01543311792173,0.729133228346457,0.400963036858456,85.9046252062775,59.0039474638529,0.686854139950792,66.4849873640171,0.773939554527718,58.7038707521661,0.683361001939116,0.849773751690419,13.9955481852449
4000,20,2550,117,68,9.4,1.01543311792173,0.733647985178323,0.380664447878771,91.2736642816699,62.2699374304464,0.682233346502687,70.2671427126995,0.769851229987388,62.822237224199,0.68828437774044,0.849920740972033,15.305442947063
4000,20,2600,119,72,9.8,1.01543311792173,0.731839188370685,0.367976528988948,96.6427033570622,64.5632930791899,0.668061745340984,72.9208929157547,0.754541112600468,65.706548671912,0.679891459877198,0.849870466725923,17.5704863285314
6000,20,2200,92,43,6.4,0.95480545236776,0.668662848962062,0.654748963952644,57.7171700604677,40.8629553029011,0.707986120249672,45.255906908339,0.784097814583189,34.661653770057,0.600543195963065,0.843154189017121,7.80151841179589
6000,20,2300,99,48,7,0.95480545236776,0.688255049640534,0.565431612171735,64.4284689047082,44.9864946463897,0.698239387202049,50.1077726547738,0.777727198963627,40.1879540556905,0.62376081162397,0.846044089096198,9.52283063995683
6000,20,2400,106,54,7.7,0.95480545236776,0.706214566929134,0.49321780267846,72.4820275177967,50.1123844297123,0.691376692207018,56.0949753572589,0.773915648861862,46.861539585499,0.646526334738538,0.848093657992154,11.3591634265438
6000,20,2500,112,60,8.5,0.95480545236776,0.716341417322835,0.441788522871108,80.5355861308852,55.3232910660399,0.686942179524581,62.1550895561279,0.771771741440044,53.5339056191639,0.664723610903649,0.849004393952602,13.0517754286299
6000,20,2600,118,68,9.4,0.95480545236776,0.725689279224712,0.39800310477558,91.2736642816699,61.3105164347602,0.671721869799775,69.0986796468277,0.757049475230771,61.1225382423419,0.669662368914194,0.849615185615698,16.2369747857356
6000,20,2650,121,72,9.8,0.95480545236776,0.730098648046353,0.378512070957939,96.6427033570622,64.6026468867919,0.668468954641169,72.9106374988665,0.754434995774966,65.272115706291,0.675396211394589,0.849811151118439,17.5254001002709
8000,20,2200,90,41,6.2,0.896987789502932,0.654126700071582,0.728272338819268,55.0326505227715,39.8451832890091,0.724028061714416,43.9410154015039,0.798453554100977,32.5317859152844,0.591136091143262,0.839742139343388,6.36805239472006
8000,20,2300,97,46,6.8,0.896987789502932,0.674350907223554,0.62695354920141,61.743949367012,43.2804773550615,0.700967103639552,48.015655386021,0.77765766327339,37.285853990904,0.603878669459145,0.844176780348781,8.84233102760079
8000,20,2400,104,51,7.4,0.896987789502932,0.692889763779528,0.545396259655702,68.4552482112524,47.6753747478598,0.696445867827897,53.1745064944512,0.77677764501496,43.1202520958709,0.629904254569381,0.846610660608434,10.279568162383
8000,20,2500,111,57,8.1,0.896987789502932,0.709945511811024,0.478776555834435,76.5088068243409,53.0473953449998,0.693350184728315,59.441005482637,0.776917167445959,50.0789546728121,0.654551505263832,0.848455295950209,11.8669069919438
8000,20,2600,117,64,8.9,0.896987789502932,0.71953937007874,0.430930377999567,85.9046252062775,58.4495254688242,0.680400215104518,65.7185928853258,0.765018096843095,56.976048573258,0.663247740577936,0.849240995679721,14.5042039748482
8000,20,2650,120,67,9.3,0.896987789502932,0.724064774922003,0.409653190585838,89.9314045128218,61.4333129276541,0.68311301553058,69.1791759691951,0.769243806920997,60.758565120412,0.675610099158959,0.849527286354959,14.9658691062136
8000,20,2700,123,71,9.7,0.896987789502932,0.728422572178478,0.38991380424589,95.3004435882141,64.6092847293704,0.677953662089361,72.8587198802795,0.764516062434047,64.7695680933108,0.679635536358834,0.849744213882112,16.3717157901132
10000,20,2300,95,44,6.5,0.841888541337274,0.660446764806573,0.69640768634316,59.0594298293158,42.0581907536199,0.712133369305627,46.4649408882472,0.786748890440236,34.8941026548576,0.590830334050006,0.841358727304537,7.63197596290481
10000,20,2400,102,49,7.1,0.841888541337274,0.679564960629921,0.604102207732317,65.7707286735562,45.7564874751972,0.695696830459383,50.8363162692508,0.772932234361728,39.9414710458576,0.607283389607882,0.844943690576066,9.81607474211454
10000,20,2500,109,54,7.8,0.841888541337274,0.697153700787402,0.529002556118763,72.4820275177967,50.387796255264,0.695176417945707,56.2628491863678,0.776231724099515,46.0458293004196,0.635272368575974,0.847112461926268,11.0126325207442
10000,20,2600,115,60,8.5,0.841888541337274,0.707239551786796,0.475242296351382,80.5355861308852,55.1141044577344,0.684344736352496,61.7722975847879,0.767018662835539,52.1517175248751,0.647561159362755,0.848195772301478,13.195839218304
10000,20,2650,119,63,8.9,0.841888541337274,0.718030901797653,0.443830193435988,84.5623654374295,58.6612986496279,0.693704561670917,65.8956527629694,0.779255079042554,56.6858303557198,0.67034348037087,0.849132764275716,13.1433764679498
10000,20,2700,122,67,9.3,0.841888541337274,0.722500437445319,0.422270852542799,89.9314045128218,61.5336760346918,0.684229011745488,69.2293759478287,0.769802009908101,60.3363758909773,0.67091552965099,0.849435058495064,14.8572118182003
12000,20,2300,92,41,6.3,0.78941780709329,0.639590551181102,0.791922699357411,55.0326505227715,40.9512252945325,0.744125985310986,45.0093025312989,0.817865432679366,32.4548453159839,0.589738001126343,0.835344586442679,5.02000139725652
12000,20,2400,100,46,6.8,0.78941780709329,0.666240157480315,0.670283372736113,61.743949367012,44.341460639975,0.718150702936172,49.0624966413564,0.794612219405082,37.2971936215759,0.604062325198503,0.842662614878745,7.68785718657211
12000,20,2500,107,51,7.4,0.78941780709329,0.68436188976378,0.58545145666531,68.4552482112524,48.2681169335685,0.705104695327573,53.6917815217675,0.78433404194336,42.6009630827311,0.622318437167372,0.845555710873876,9.61460913074466
12000,20,2600,114,57,8.1,0.78941780709329,0.701089642640824,0.515761290193993,76.5088068243409,53.1016081880714,0.694058767770215,59.347399702529,0.775693703324724,48.9372597296307,0.63962910625423,0.847554680344695,11.7437891234869
12000,20,2650,117,60,8.5,0.78941780709329,0.705963155548953,0.489651086811391,80.5355861308852,55.4552490457074,0.688580684761918,62.0912951049447,0.77097961395643,51.9789595401964,0.645416045718236,0.848068305091302,12.844428983847
